num_evaluations,bfgs_best,best_vanilla_cmaes,best_1,best_2,best_7,best_19,best_25,best_50,best_100,best_187,best_250,best_500,best_750
12,,,,,,,,,,,,,
40,,,,,,,,,,,,,
80,,,,,,,,,,,,,
120,,,,,,,,,,,,,
160,,,,,,,,,,,,,
200,,,,,,,,,,,,,
240,,,,,,,,,,,,,
280,,,,,,,,,,,,,
320,,,,,,,,,,,,,
360,,,,,,,,,,,,,
400,,,,,,,,,,,,,
440,,,,,,,,,,,,,
480,,,,,,,,,,,,,
520,,,,,,,,,,,,,
560,,,,,,,,,,,,,
600,,,,,,,,,,,,,
640,,,,,,,,,,,,,
680,,,,,,,,,,,,,
720,,,,,,,,,,,,,
760,,,,,,,,,,,,,
800,,,,,,,,,,,,,
840,,,,,,,,,,,,,
880,,,,,,,,,,,,,
920,,,,,,,,,,,,,
960,,,,,,,,,,,,,
1000,,,,,,,,,,,,,
1040,,,,,,,,,,,,,
1080,,,,,,,,,,,,,
1120,,,,,,,,,,,,,
1160,,,,,,,,,,,,,
1200,,,,,,,,,,,,,
1240,,,,,,,,,,,,,
1280,,,,,,,,,,,,,
1320,,,,,,,,,,,,,
1360,,,,,,,,,,,,,
1400,,,,,,,,,,,,,
1440,,,,,,,,,,,,,
1480,,,,,,,,,,,,,
1520,,,,,,,,,,,,,
1560,,,,,,,,,,,,,
1600,,,,,,,,,,,,,
1640,,,,,,,,,,,,,
1680,,,,,,,,,,,,,
1720,,,,,,,,,,,,,
1760,,,,,,,,,,,,,
1800,,,,,,,,,,,,,
1840,,,,,,,,,,,,,
1880,,,,,,,,,,,,,
1920,,,,,,,,,,,,,
1960,,,,,,,,,,,,,
2000,,,,,,,,,,,,,
2040,,,,,,,,,,,,,
2080,,,,,,,,,,,,,
2120,,,,,,,,,,,,,
2160,,,,,,,,,,,,,
2200,,,,,,,,,,,,,
2240,,,,,,,,,,,,,
2280,,,,,,,,,,,,,
2320,,,,,,,,,,,,,
2360,,,,,,,,,,,,,
2400,,,,,,,,,,,,,
2440,,,,,,,,,,,,,
2480,,,,,,,,,,,,,
2520,,,,,,,,,,,,,
2560,,,,,,,,,,,,,
2600,,,,,,,,,,,,,
2640,,,,,,,,,,,,,
2680,,,,,,,,,,,,,
2720,,,,,,,,,,,,,
2760,,,,,,,,,,,,,
2800,,,,,,,,,,,,,
2840,,,,,,,,,,,,,
2880,,,,,,,,,,,,,
2920,,,,,,,,,,,,,
2960,,,,,,,,,,,,,
3000,,,,,,,,,,,,,
3040,,,,,,,,,,,,,
3080,,,,,,,,,,,,,
3120,,,,,,,,,,,,,
3160,,,,,,,,,,,,,
3200,,,,,,,,,,,,,
3240,,,,,,,,,,,,,
3280,,,,,,,,,,,,,
3320,,,,,,,,,,,,,
3360,,,,,,,,,,,,,
3400,,,,,,,,,,,,,
3440,,,,,,,,,,,,,
3480,,,,,,,,,,,,,
3520,,,,,,,,,,,,,
3560,,,,,,,,,,,,,
3600,,,,,,,,,,,,,
3640,,,,,,,,,,,,,
3680,,,,,,,,,,,,,
3720,,,,,,,,,,,,,
3760,,,,,,,,,,,,,
3800,,,,,,,,,,,,,
3840,,,,,,,,,,,,,
3880,,,,,,,,,,,,,
3920,,,,,,,,,,,,,
3960,,,,,,,,,,,,,
4000,,,,,,,,,,,,,
4040,,,,,,,,,,,,,
4080,,,,,,,,,,,,,
4120,,,,,,,,,,,,,
4160,,,,,,,,,,,,,
4200,,,,,,,,,,,,,
4240,,,,,,,,,,,,,
4280,,,,,,,,,,,,,
4320,,,,,,,,,,,,,
4360,,,,,,,,,,,,,
4400,,,,,,,,,,,,,
4440,,,,,,,,,,,,,
4480,,,,,,,,,,,,,
4520,,,,,,,,,,,,,
4560,,,,,,,,,,,,,
4600,,,,,,,,,,,,,
4640,,,,,,,,,,,,,
4680,,,,,,,,,,,,,
4720,,,,,,,,,,,,,
4760,,,,,,,,,,,,,
4800,,,,,,,,,,,,,
4840,,,,,,,,,,,,,
4880,,,,,,,,,,,,,
4920,,,,,,,,,,,,,
4960,,,,,,,,,,,,,
5000,,,,,,,,,,,,,
5040,,,,,,,,,,,,,
5080,,,,,,,,,,,,,
5120,,,,,,,,,,,,,
5160,,,,,,,,,,,,,
5200,,,,,,,,,,,,,
5240,,,,,,,,,,,,,
5280,,,,,,,,,,,,,
5320,,,,,,,,,,,,,
5360,,,,,,,,,,,,,
5400,,,,,,,,,,,,,
5440,,,,,,,,,,,,,
5480,,,,,,,,,,,,,
5520,,,,,,,,,,,,,
5560,,,,,,,,,,,,,
5600,,,,,,,,,,,,,
5640,,,,,,,,,,,,,
5680,,,,,,,,,,,,,
5720,,,,,,,,,,,,,
5760,,,,,,,,,,,,,
5800,,,,,,,,,,,,,
5840,,,,,,,,,,,,,
5880,,,,,,,,,,,,,
5920,,,,,,,,,,,,,
5960,,,,,,,,,,,,,
6000,,,,,,,,,,,,,
6040,,,,,,,,,,,,,
6080,,,,,,,,,,,,,
6120,,,,,,,,,,,,,
6160,,,,,,,,,,,,,
6200,,,,,,,,,,,,,
6240,,,,,,,,,,,,,
6280,,,,,,,,,,,,,
6320,,,,,,,,,,,,,
6360,,,,,,,,,,,,,
6400,,,,,,,,,,,,,
6440,,,,,,,,,,,,,
6480,,,,,,,,,,,,,
6520,,,,,,,,,,,,,
6560,,,,,,,,,,,,,
6600,,,,,,,,,,,,,
6640,,,,,,,,,,,,,
6680,,,,,,,,,,,,,
6720,,,,,,,,,,,,,
6760,,,,,,,,,,,,,
6800,,,,,,,,,,,,,
6840,,,,,,,,,,,,,
6880,,,,,,,,,,,,,
6920,,,,,,,,,,,,,
6960,,,,,,,,,,,,,
7000,,,,,,,,,,,,,
7040,,,,,,,,,,,,,
7080,,,,,,,,,,,,,
7120,,,,,,,,,,,,,
7160,,,,,,,,,,,,,
7200,,,,,,,,,,,,,
7240,,,,,,,,,,,,,
7280,,,,,,,,,,,,,
7320,,,,,,,,,,,,,
7360,,,,,,,,,,,,,
7400,,,,,,,,,,,,,
7440,,,,,,,,,,,,,
7480,,,,,,,,,,,,,
7520,,,,,,,,,,,,,
7560,,,,,,,,,,,,,
7600,,,,,,,,,,,,,
7640,,,,,,,,,,,,,
7680,,,,,,,,,,,,,
7720,,,,,,,,,,,,,
7760,,,,,,,,,,,,,
7800,,,,,,,,,,,,,
7840,,,,,,,,,,,,,
7880,,,,,,,,,,,,,
7920,,,,,,,,,,,,,
7960,,,,,,,,,,,,,
8000,,,,,,,,,,,,,
8040,,,,,,,,,,,,,
8080,,,,,,,,,,,,,
8120,,,,,,,,,,,,,
8160,,,,,,,,,,,,,
8200,,,,,,,,,,,,,
8240,,,,,,,,,,,,,
8280,,,,,,,,,,,,,
8320,,,,,,,,,,,,,
8360,,,,,,,,,,,,,
8400,,,,,,,,,,,,,
8440,,,,,,,,,,,,,
8480,,,,,,,,,,,,,
8520,,,,,,,,,,,,,
8560,,,,,,,,,,,,,
8600,,,,,,,,,,,,,
8640,,,,,,,,,,,,,
8680,,,,,,,,,,,,,
8720,,,,,,,,,,,,,
8760,,,,,,,,,,,,,
8800,,,,,,,,,,,,,
8840,,,,,,,,,,,,,
8880,,,,,,,,,,,,,
8920,,,,,,,,,,,,,
8960,,,,,,,,,,,,,
9000,,,,,,,,,,,,,
9040,,,,,,,,,,,,,
9080,,,,,,,,,,,,,
9120,,,,,,,,,,,,,
9160,,,,,,,,,,,,,
9200,,,,,,,,,,,,,
9240,,,,,,,,,,,,,
9280,,,,,,,,,,,,,
9320,,,,,,,,,,,,,
9360,,,,,,,,,,,,,
9400,,,,,,,,,,,,,
9440,,,,,,,,,,,,,
9480,,,,,,,,,,,,,
9520,,,,,,,,,,,,,
9560,,,,,,,,,,,,,
9600,,,,,,,,,,,,,
9640,,,,,,,,,,,,,
9680,,,,,,,,,,,,,
9720,,,,,,,,,,,,,
9760,,,,,,,,,,,,,
9800,,,,,,,,,,,,,
9840,,,,,,,,,,,,,
9880,,,,,,,,,,,,,
9920,,,,,,,,,,,,,
9960,,,,,,,,,,,,,
10000,,,,,,,,,,,,,
10040,,,,,,,,,,,,,
10080,,,,,,,,,,,,,
10120,,,,,,,,,,,,,
10160,,,,,,,,,,,,,
10200,,,,,,,,,,,,,
10240,,,,,,,,,,,,,
10280,,,,,,,,,,,,,
10320,,,,,,,,,,,,,
10360,,,,,,,,,,,,,
10400,,,,,,,,,,,,,
10440,,,,,,,,,,,,,
10480,,,,,,,,,,,,,
10520,,,,,,,,,,,,,
10560,,,,,,,,,,,,,
10600,,,,,,,,,,,,,
10640,,,,,,,,,,,,,
10680,,,,,,,,,,,,,
10720,,,,,,,,,,,,,
10760,,,,,,,,,,,,,
10800,,,,,,,,,,,,,
10840,,,,,,,,,,,,,
10880,,,,,,,,,,,,,
10920,,,,,,,,,,,,,
10960,,,,,,,,,,,,,
11000,,,,,,,,,,,,,
11040,,,,,,,,,,,,,
11080,,,,,,,,,,,,,
11120,,,,,,,,,,,,,
11160,,,,,,,,,,,,,
11200,,,,,,,,,,,,,
11240,,,,,,,,,,,,,
11280,,,,,,,,,,,,,
11320,,,,,,,,,,,,,
11360,,,,,,,,,,,,,
11400,,,,,,,,,,,,,
11440,,,,,,,,,,,,,
11480,,,,,,,,,,,,,
11520,,,,,,,,,,,,,
11560,,,,,,,,,,,,,
11600,,,,,,,,,,,,,
11640,,,,,,,,,,,,,
11680,,,,,,,,,,,,,
11720,,,,,,,,,,,,,
11760,,,,,,,,,,,,,
11800,,,,,,,,,,,,,
11840,,,,,,,,,,,,,
11880,,,,,,,,,,,,,
11920,,,,,,,,,,,,,
11960,,,,,,,,,,,,,
12000,,,,,,,,,,,,,
12040,,,,,,,,,,,,,
12080,,,,,,,,,,,,,
12120,,,,,,,,,,,,,
12160,,,,,,,,,,,,,
12200,,,,,,,,,,,,,
12240,,,,,,,,,,,,,
12280,,,,,,,,,,,,,
12320,,,,,,,,,,,,,
12360,,,,,,,,,,,,,
12400,,,,,,,,,,,,,
12440,,,,,,,,,,,,,
12480,,,,,,,,,,,,,
12520,,,,,,,,,,,,,
12560,,,,,,,,,,,,,
12600,,,,,,,,,,,,,
12640,,,,,,,,,,,,,
12680,,,,,,,,,,,,,
12720,,,,,,,,,,,,,
12760,,,,,,,,,,,,,
12800,,,,,,,,,,,,,
12840,,,,,,,,,,,,,
12880,,,,,,,,,,,,,
12920,,,,,,,,,,,,,
12960,,,,,,,,,,,,,
13000,,,,,,,,,,,,,
13040,,,,,,,,,,,,,
13080,,,,,,,,,,,,,
13120,,,,,,,,,,,,,
13160,,,,,,,,,,,,,
13200,,,,,,,,,,,,,
13240,,,,,,,,,,,,,
13280,,,,,,,,,,,,,
13320,,,,,,,,,,,,,
13360,,,,,,,,,,,,,
13400,,,,,,,,,,,,,
13440,,,,,,,,,,,,,
13480,,,,,,,,,,,,,
13520,,,,,,,,,,,,,
13560,,,,,,,,,,,,,
13600,,,,,,,,,,,,,
13640,,,,,,,,,,,,,
13680,,,,,,,,,,,,,
13720,,,,,,,,,,,,,
13760,,,,,,,,,,,,,
13800,,,,,,,,,,,,,
13840,,,,,,,,,,,,,
13880,,,,,,,,,,,,,
13920,,,,,,,,,,,,,
13960,,,,,,,,,,,,,
14000,,,,,,,,,,,,,
14040,,,,,,,,,,,,,
14080,,,,,,,,,,,,,
14120,,,,,,,,,,,,,
14160,,,,,,,,,,,,,
14200,,,,,,,,,,,,,
14240,,,,,,,,,,,,,
14280,,,,,,,,,,,,,
14320,,,,,,,,,,,,,
14360,,,,,,,,,,,,,
14400,,,,,,,,,,,,,
14440,,,,,,,,,,,,,
14480,,,,,,,,,,,,,
14520,,,,,,,,,,,,,
14560,,,,,,,,,,,,,
14600,,,,,,,,,,,,,
14640,,,,,,,,,,,,,
14680,,,,,,,,,,,,,
14720,,,,,,,,,,,,,
14760,,,,,,,,,,,,,
14800,,,,,,,,,,,,,
14840,,,,,,,,,,,,,
14880,,,,,,,,,,,,,
14920,,,,,,,,,,,,,
14960,,,,,,,,,,,,,
15000,,,,,,,,,,,,,
15040,,,,,,,,,,,,,
15080,,,,,,,,,,,,,
15120,,,,,,,,,,,,,
15160,,,,,,,,,,,,,
15200,,,,,,,,,,,,,
15240,,,,,,,,,,,,,
15280,,,,,,,,,,,,,
15320,,,,,,,,,,,,,
15360,,,,,,,,,,,,,
15400,,,,,,,,,,,,,
15440,,,,,,,,,,,,,
15480,,,,,,,,,,,,,
15520,,,,,,,,,,,,,
15560,,,,,,,,,,,,,
15600,,,,,,,,,,,,,
15640,,,,,,,,,,,,,
15680,,,,,,,,,,,,,
15720,,,,,,,,,,,,,
15760,,,,,,,,,,,,,
15800,,,,,,,,,,,,,
15840,,,,,,,,,,,,,
15880,,,,,,,,,,,,,
15920,,,,,,,,,,,,,
15960,,,,,,,,,,,,,
16000,,,,,,,,,,,,,
16040,,,,,,,,,,,,,
16080,,,,,,,,,,,,,
16120,,,,,,,,,,,,,
16160,,,,,,,,,,,,,
16200,,,,,,,,,,,,,
16240,,,,,,,,,,,,,
16280,,,,,,,,,,,,,
16320,,,,,,,,,,,,,
16360,,,,,,,,,,,,,
16400,,,,,,,,,,,,,
16440,,,,,,,,,,,,,
16480,,,,,,,,,,,,,
16520,,,,,,,,,,,,,
16560,,,,,,,,,,,,,
16600,,,,,,,,,,,,,
16640,,,,,,,,,,,,,
16680,,,,,,,,,,,,,
16720,,,,,,,,,,,,,
16760,,,,,,,,,,,,,
16800,,,,,,,,,,,,,
16840,,,,,,,,,,,,,
16880,,,,,,,,,,,,,
16920,,,,,,,,,,,,,
16960,,,,,,,,,,,,,
17000,,,,,,,,,,,,,
17040,,,,,,,,,,,,,
17080,,,,,,,,,,,,,
17120,,,,,,,,,,,,,
17160,,,,,,,,,,,,,
17200,,,,,,,,,,,,,
17240,,,,,,,,,,,,,
17280,,,,,,,,,,,,,
17320,,,,,,,,,,,,,
17360,,,,,,,,,,,,,
17400,,,,,,,,,,,,,
17440,,,,,,,,,,,,,
17480,,,,,,,,,,,,,
17520,,,,,,,,,,,,,
17560,,,,,,,,,,,,,
17600,,,,,,,,,,,,,
17640,,,,,,,,,,,,,
17680,,,,,,,,,,,,,
17720,,,,,,,,,,,,,
17760,,,,,,,,,,,,,
17800,,,,,,,,,,,,,
17840,,,,,,,,,,,,,
17880,,,,,,,,,,,,,
17920,,,,,,,,,,,,,
17960,,,,,,,,,,,,,
18000,,,,,,,,,,,,,
18040,,,,,,,,,,,,,
18080,,,,,,,,,,,,,
18120,,,,,,,,,,,,,
18160,,,,,,,,,,,,,
18200,,,,,,,,,,,,,
18240,,,,,,,,,,,,,
18280,,,,,,,,,,,,,
18320,,,,,,,,,,,,,
18360,,,,,,,,,,,,,
18400,,,,,,,,,,,,,
18440,,,,,,,,,,,,,
18480,,,,,,,,,,,,,
18520,,,,,,,,,,,,,
18560,,,,,,,,,,,,,
18600,,,,,,,,,,,,,
18640,,,,,,,,,,,,,
18680,,,,,,,,,,,,,
18720,,,,,,,,,,,,,
18760,,,,,,,,,,,,,
18800,,,,,,,,,,,,,
18840,,,,,,,,,,,,,
18880,,,,,,,,,,,,,
18920,,,,,,,,,,,,,
18960,,,,,,,,,,,,,
19000,,,,,,,,,,,,,
19040,,,,,,,,,,,,,
19080,,,,,,,,,,,,,
19120,,,,,,,,,,,,,
19160,,,,,,,,,,,,,
19200,,,,,,,,,,,,,
19240,,,,,,,,,,,,,
19280,,,,,,,,,,,,,
19320,,,,,,,,,,,,,
19360,,,,,,,,,,,,,
19400,,,,,,,,,,,,,
19440,,,,,,,,,,,,,
19480,,,,,,,,,,,,,
19520,,,,,,,,,,,,,
19560,,,,,,,,,,,,,
19600,,,,,,,,,,,,,
19640,,,,,,,,,,,,,
19680,,,,,,,,,,,,,
19720,,,,,,,,,,,,,
19760,,,,,,,,,,,,,
19800,,,,,,,,,,,,,
19840,,,,,,,,,,,,,
19880,,,,,,,,,,,,,
19920,,,,,,,,,,,,,
19960,,,,,,,,,,,,,
20000,,,,,,,,,,,,,
20040,,,,,,,,,,,,,
20080,,,,,,,,,,,,,
20120,,,,,,,,,,,,,
20160,,,,,,,,,,,,,
20200,,,,,,,,,,,,,
20240,,,,,,,,,,,,,
20280,,,,,,,,,,,,,
20320,,,,,,,,,,,,,
20360,,,,,,,,,,,,,
20400,,,,,,,,,,,,,
20440,,,,,,,,,,,,,
20480,,,,,,,,,,,,,
20520,,,,,,,,,,,,,
20560,,,,,,,,,,,,,
20600,,,,,,,,,,,,,
20640,,,,,,,,,,,,,
20680,,,,,,,,,,,,,
20720,,,,,,,,,,,,,
20760,,,,,,,,,,,,,
20800,,,,,,,,,,,,,
20840,,,,,,,,,,,,,
20880,,,,,,,,,,,,,
20920,,,,,,,,,,,,,
20960,,,,,,,,,,,,,
21000,,,,,,,,,,,,,
21040,,,,,,,,,,,,,
21080,,,,,,,,,,,,,
21120,,,,,,,,,,,,,
21160,,,,,,,,,,,,,
21200,,,,,,,,,,,,,
21240,,,,,,,,,,,,,
21280,,,,,,,,,,,,,
21320,,,,,,,,,,,,,
21360,,,,,,,,,,,,,
21400,,,,,,,,,,,,,
21440,,,,,,,,,,,,,
21480,,,,,,,,,,,,,
21520,,,,,,,,,,,,,
21560,,,,,,,,,,,,,
21600,,,,,,,,,,,,,
21640,,,,,,,,,,,,,
21680,,,,,,,,,,,,,
21720,,,,,,,,,,,,,
21760,,,,,,,,,,,,,
21800,,,,,,,,,,,,,
21840,,,,,,,,,,,,,
21880,,,,,,,,,,,,,
21920,,,,,,,,,,,,,
21960,,,,,,,,,,,,,
22000,,,,,,,,,,,,,
22040,,,,,,,,,,,,,
22080,,,,,,,,,,,,,
22120,,,,,,,,,,,,,
22160,,,,,,,,,,,,,
22200,,,,,,,,,,,,,
22240,,,,,,,,,,,,,
22280,,,,,,,,,,,,,
22320,,,,,,,,,,,,,
22360,,,,,,,,,,,,,
22400,,,,,,,,,,,,,
22440,,,,,,,,,,,,,
22480,,,,,,,,,,,,,
22520,,,,,,,,,,,,,
22560,,,,,,,,,,,,,
22600,,,,,,,,,,,,,
22640,,,,,,,,,,,,,
22680,,,,,,,,,,,,,
22720,,,,,,,,,,,,,
22760,,,,,,,,,,,,,
22800,,,,,,,,,,,,,
22840,,,,,,,,,,,,,
22880,,,,,,,,,,,,,
22920,,,,,,,,,,,,,
22960,,,,,,,,,,,,,
23000,,,,,,,,,,,,,
23040,,,,,,,,,,,,,
23080,,,,,,,,,,,,,
23120,,,,,,,,,,,,,
23160,,,,,,,,,,,,,
23200,,,,,,,,,,,,,
23240,,,,,,,,,,,,,
23280,,,,,,,,,,,,,
23320,,,,,,,,,,,,,
23360,,,,,,,,,,,,,
23400,,,,,,,,,,,,,
23440,,,,,,,,,,,,,
23480,,,,,,,,,,,,,
23520,,,,,,,,,,,,,
23560,,,,,,,,,,,,,
23600,,,,,,,,,,,,,
23640,,,,,,,,,,,,,
23680,,,,,,,,,,,,,
23720,,,,,,,,,,,,,
23760,,,,,,,,,,,,,
23800,,,,,,,,,,,,,
23840,,,,,,,,,,,,,
23880,,,,,,,,,,,,,
23920,,,,,,,,,,,,,
23960,,,,,,,,,,,,,
24000,,,,,,,,,,,,,
24040,,,,,,,,,,,,,
24080,,,,,,,,,,,,,
24120,,,,,,,,,,,,,
24160,,,,,,,,,,,,,
24200,,,,,,,,,,,,,
24240,,,,,,,,,,,,,
24280,,,,,,,,,,,,,
24320,,,,,,,,,,,,,
24360,,,,,,,,,,,,,
24400,,,,,,,,,,,,,
24440,,,,,,,,,,,,,
24480,,,,,,,,,,,,,
24520,,,,,,,,,,,,,
24560,,,,,,,,,,,,,
24600,,,,,,,,,,,,,
24640,,,,,,,,,,,,,
24680,,,,,,,,,,,,,
24720,,,,,,,,,,,,,
24760,,,,,,,,,,,,,
24800,,,,,,,,,,,,,
24840,,,,,,,,,,,,,
24880,,,,,,,,,,,,,
24920,,,,,,,,,,,,,
24960,,,,,,,,,,,,,
25000,,,,,,,,,,,,,
25040,,,,,,,,,,,,,
25080,,,,,,,,,,,,,
25120,,,,,,,,,,,,,
25160,,,,,,,,,,,,,
25200,,,,,,,,,,,,,
25240,,,,,,,,,,,,,
25280,,,,,,,,,,,,,
25320,,,,,,,,,,,,,
25360,,,,,,,,,,,,,
25400,,,,,,,,,,,,,
25440,,,,,,,,,,,,,
25480,,,,,,,,,,,,,
25520,,,,,,,,,,,,,
25560,,,,,,,,,,,,,
25600,,,,,,,,,,,,,
25640,,,,,,,,,,,,,
25680,,,,,,,,,,,,,
25720,,,,,,,,,,,,,
25760,,,,,,,,,,,,,
25800,,,,,,,,,,,,,
25840,,,,,,,,,,,,,
25880,,,,,,,,,,,,,
25920,,,,,,,,,,,,,
25960,,,,,,,,,,,,,
26000,,,,,,,,,,,,,
26040,,,,,,,,,,,,,
26080,,,,,,,,,,,,,
26120,,,,,,,,,,,,,
26160,,,,,,,,,,,,,
26200,,,,,,,,,,,,,
26240,,,,,,,,,,,,,
26280,,,,,,,,,,,,,
26320,,,,,,,,,,,,,
26360,,,,,,,,,,,,,
26400,,,,,,,,,,,,,
26440,,,,,,,,,,,,,
26480,,,,,,,,,,,,,
26520,,,,,,,,,,,,,
26560,,,,,,,,,,,,,
26600,,,,,,,,,,,,,
26640,,,,,,,,,,,,,
26680,,,,,,,,,,,,,
26720,,,,,,,,,,,,,
26760,,,,,,,,,,,,,
26800,,,,,,,,,,,,,
26840,,,,,,,,,,,,,
26880,,,,,,,,,,,,,
26920,,,,,,,,,,,,,
26960,,,,,,,,,,,,,
27000,,,,,,,,,,,,,
27040,,,,,,,,,,,,,
27080,,,,,,,,,,,,,
27120,,,,,,,,,,,,,
27160,,,,,,,,,,,,,
27200,,,,,,,,,,,,,
27240,,,,,,,,,,,,,
27280,,,,,,,,,,,,,
27320,,,,,,,,,,,,,
27360,,,,,,,,,,,,,
27400,,,,,,,,,,,,,
27440,,,,,,,,,,,,,
27480,,,,,,,,,,,,,
27520,,,,,,,,,,,,,
27560,,,,,,,,,,,,,
27600,,,,,,,,,,,,,
27640,,,,,,,,,,,,,
27680,,,,,,,,,,,,,
27720,,,,,,,,,,,,,
27760,,,,,,,,,,,,,
27800,,,,,,,,,,,,,
27840,,,,,,,,,,,,,
27880,,,,,,,,,,,,,
27920,,,,,,,,,,,,,
27960,,,,,,,,,,,,,
28000,,,,,,,,,,,,,
28040,,,,,,,,,,,,,
28080,,,,,,,,,,,,,
28120,,,,,,,,,,,,,
28160,,,,,,,,,,,,,
28200,,,,,,,,,,,,,
28240,,,,,,,,,,,,,
28280,,,,,,,,,,,,,
28320,,,,,,,,,,,,,
28360,,,,,,,,,,,,,
28400,,,,,,,,,,,,,
28440,,,,,,,,,,,,,
28480,,,,,,,,,,,,,
28520,,,,,,,,,,,,,
28560,,,,,,,,,,,,,
28600,,,,,,,,,,,,,
28640,,,,,,,,,,,,,
28680,,,,,,,,,,,,,
28720,,,,,,,,,,,,,
28760,,,,,,,,,,,,,
28800,,,,,,,,,,,,,
28840,,,,,,,,,,,,,
28880,,,,,,,,,,,,,
28920,,,,,,,,,,,,,
28960,,,,,,,,,,,,,
29000,,,,,,,,,,,,,
29040,,,,,,,,,,,,,
29080,,,,,,,,,,,,,
29120,,,,,,,,,,,,,
29160,,,,,,,,,,,,,
29200,,,,,,,,,,,,,
29240,,,,,,,,,,,,,
29280,,,,,,,,,,,,,
29320,,,,,,,,,,,,,
29360,,,,,,,,,,,,,
29400,,,,,,,,,,,,,
29440,,,,,,,,,,,,,
29480,,,,,,,,,,,,,
29520,,,,,,,,,,,,,
29560,,,,,,,,,,,,,
29600,,,,,,,,,,,,,
29640,,,,,,,,,,,,,
29680,,,,,,,,,,,,,
29720,,,,,,,,,,,,,
29760,,,,,,,,,,,,,
29800,,,,,,,,,,,,,
29840,,,,,,,,,,,,,
29880,,,,,,,,,,,,,
29920,,,,,,,,,,,,,
29960,,,,,,,,,,,,,
30000,,,,,,,,,,,,,
30040,,,,,,,,,,,,,
30080,,,,,,,,,,,,,
30120,,,,,,,,,,,,,
30160,,,,,,,,,,,,,
30200,,,,,,,,,,,,,
30240,,,,,,,,,,,,,
30280,,,,,,,,,,,,,
30320,,,,,,,,,,,,,
30360,,,,,,,,,,,,,
30400,,,,,,,,,,,,,
30440,,,,,,,,,,,,,
30480,,,,,,,,,,,,,
30520,,,,,,,,,,,,,
30560,,,,,,,,,,,,,
30600,,,,,,,,,,,,,
30640,,,,,,,,,,,,,
30680,,,,,,,,,,,,,
30720,,,,,,,,,,,,,
30760,,,,,,,,,,,,,
30800,,,,,,,,,,,,,
30840,,,,,,,,,,,,,
30880,,,,,,,,,,,,,
30920,,,,,,,,,,,,,
30960,,,,,,,,,,,,,
31000,,,,,,,,,,,,,
31040,,,,,,,,,,,,,
31080,,,,,,,,,,,,,
31120,,,,,,,,,,,,,
31160,,,,,,,,,,,,,
31200,,,,,,,,,,,,,
31240,,,,,,,,,,,,,
31280,,,,,,,,,,,,,
31320,,,,,,,,,,,,,
31360,,,,,,,,,,,,,
31400,,,,,,,,,,,,,
31440,,,,,,,,,,,,,
31480,,,,,,,,,,,,,
31520,,,,,,,,,,,,,
31560,,,,,,,,,,,,,
31600,,,,,,,,,,,,,
31640,,,,,,,,,,,,,
31680,,,,,,,,,,,,,
31720,,,,,,,,,,,,,
31760,,,,,,,,,,,,,
31800,,,,,,,,,,,,,
31840,,,,,,,,,,,,,
31880,,,,,,,,,,,,,
31920,,,,,,,,,,,,,
31960,,,,,,,,,,,,,
32000,,,,,,,,,,,,,
32040,,,,,,,,,,,,,
32080,,,,,,,,,,,,,
32120,,,,,,,,,,,,,
32160,,,,,,,,,,,,,
32200,,,,,,,,,,,,,
32240,,,,,,,,,,,,,
32280,,,,,,,,,,,,,
32320,,,,,,,,,,,,,
32360,,,,,,,,,,,,,
32400,,,,,,,,,,,,,
32440,,,,,,,,,,,,,
32480,,,,,,,,,,,,,
32520,,,,,,,,,,,,,
32560,,,,,,,,,,,,,
32600,,,,,,,,,,,,,
32640,,,,,,,,,,,,,
32680,,,,,,,,,,,,,
32720,,,,,,,,,,,,,
32760,,,,,,,,,,,,,
32800,,,,,,,,,,,,,
32840,,,,,,,,,,,,,
32880,,,,,,,,,,,,,
32920,,,,,,,,,,,,,
32960,,,,,,,,,,,,,
33000,,,,,,,,,,,,,
33040,,,,,,,,,,,,,
33080,,,,,,,,,,,,,
33120,,,,,,,,,,,,,
33160,,,,,,,,,,,,,
33200,,,,,,,,,,,,,
33240,,,,,,,,,,,,,
33280,,,,,,,,,,,,,
33320,,,,,,,,,,,,,
33360,,,,,,,,,,,,,
33400,,,,,,,,,,,,,
33440,,,,,,,,,,,,,
33480,,,,,,,,,,,,,
33520,,,,,,,,,,,,,
33560,,,,,,,,,,,,,
33600,,,,,,,,,,,,,
33640,,,,,,,,,,,,,
33680,,,,,,,,,,,,,
33720,,,,,,,,,,,,,
33760,,,,,,,,,,,,,
33800,,,,,,,,,,,,,
33840,,,,,,,,,,,,,
33880,,,,,,,,,,,,,
33920,,,,,,,,,,,,,
33960,,,,,,,,,,,,,
34000,,,,,,,,,,,,,
34040,,,,,,,,,,,,,
34080,,,,,,,,,,,,,
34120,,,,,,,,,,,,,
34160,,,,,,,,,,,,,
34200,,,,,,,,,,,,,
34240,,,,,,,,,,,,,
34280,,,,,,,,,,,,,
34320,,,,,,,,,,,,,
34360,,,,,,,,,,,,,
34400,,,,,,,,,,,,,
34440,,,,,,,,,,,,,
34480,,,,,,,,,,,,,
34520,,,,,,,,,,,,,
34560,,,,,,,,,,,,,
34600,,,,,,,,,,,,,
34640,,,,,,,,,,,,,
34680,,,,,,,,,,,,,
34720,,,,,,,,,,,,,
34760,,,,,,,,,,,,,
34800,,,,,,,,,,,,,
34840,,,,,,,,,,,,,
34880,,,,,,,,,,,,,
34920,,,,,,,,,,,,,
34960,,,,,,,,,,,,,
35000,,,,,,,,,,,,,
35040,,,,,,,,,,,,,
35080,,,,,,,,,,,,,
35120,,,,,,,,,,,,,
35160,,,,,,,,,,,,,
35200,,,,,,,,,,,,,
35240,,,,,,,,,,,,,
35280,,,,,,,,,,,,,
35320,,,,,,,,,,,,,
35360,,,,,,,,,,,,,
35400,,,,,,,,,,,,,
35440,,,,,,,,,,,,,
35480,,,,,,,,,,,,,
35520,,,,,,,,,,,,,
35560,,,,,,,,,,,,,
35600,,,,,,,,,,,,,
35640,,,,,,,,,,,,,
35680,,,,,,,,,,,,,
35720,,,,,,,,,,,,,
35760,,,,,,,,,,,,,
35800,,,,,,,,,,,,,
35840,,,,,,,,,,,,,
35880,,,,,,,,,,,,,
35920,,,,,,,,,,,,,
35960,,,,,,,,,,,,,
36000,,,,,,,,,,,,,
36040,,,,,,,,,,,,,
36080,,,,,,,,,,,,,
36120,,,,,,,,,,,,,
36160,,,,,,,,,,,,,
36200,,,,,,,,,,,,,
36240,,,,,,,,,,,,,
36280,,,,,,,,,,,,,
36320,,,,,,,,,,,,,
36360,,,,,,,,,,,,,
36400,,,,,,,,,,,,,
36440,,,,,,,,,,,,,
36480,,,,,,,,,,,,,
36520,,,,,,,,,,,,,
36560,,,,,,,,,,,,,
36600,,,,,,,,,,,,,
36640,,,,,,,,,,,,,
36680,,,,,,,,,,,,,
36720,,,,,,,,,,,,,
36760,,,,,,,,,,,,,
36800,,,,,,,,,,,,,
36840,,,,,,,,,,,,,
36880,,,,,,,,,,,,,
36920,,,,,,,,,,,,,
36960,,,,,,,,,,,,,
37000,,,,,,,,,,,,,
37040,,,,,,,,,,,,,
37080,,,,,,,,,,,,,
37120,,,,,,,,,,,,,
37160,,,,,,,,,,,,,
37200,,,,,,,,,,,,,
37240,,,,,,,,,,,,,
37280,,,,,,,,,,,,,
37320,,,,,,,,,,,,,
37360,,,,,,,,,,,,,
37400,,,,,,,,,,,,,
37440,,,,,,,,,,,,,
37480,,,,,,,,,,,,,
37520,,,,,,,,,,,,,
37560,,,,,,,,,,,,,
37600,,,,,,,,,,,,,
37640,,,,,,,,,,,,,
37680,,,,,,,,,,,,,
37720,,,,,,,,,,,,,
37760,,,,,,,,,,,,,
37800,,,,,,,,,,,,,
37840,,,,,,,,,,,,,
37880,,,,,,,,,,,,,
37920,,,,,,,,,,,,,
37960,,,,,,,,,,,,,
38000,,,,,,,,,,,,,
38040,,,,,,,,,,,,,
38080,,,,,,,,,,,,,
38120,,,,,,,,,,,,,
38160,,,,,,,,,,,,,
38200,,,,,,,,,,,,,
38240,,,,,,,,,,,,,
38280,,,,,,,,,,,,,
38320,,,,,,,,,,,,,
38360,,,,,,,,,,,,,
38400,,,,,,,,,,,,,
38440,,,,,,,,,,,,,
38480,,,,,,,,,,,,,
38520,,,,,,,,,,,,,
38560,,,,,,,,,,,,,
38600,,,,,,,,,,,,,
38640,,,,,,,,,,,,,
38680,,,,,,,,,,,,,
38720,,,,,,,,,,,,,
38760,,,,,,,,,,,,,
38800,,,,,,,,,,,,,
38840,,,,,,,,,,,,,
38880,,,,,,,,,,,,,
38920,,,,,,,,,,,,,
38960,,,,,,,,,,,,,
39000,,,,,,,,,,,,,
39040,,,,,,,,,,,,,
39080,,,,,,,,,,,,,
39120,,,,,,,,,,,,,
39160,,,,,,,,,,,,,
39200,,,,,,,,,,,,,
39240,,,,,,,,,,,,,
39280,,,,,,,,,,,,,
39320,,,,,,,,,,,,,
39360,,,,,,,,,,,,,
39400,,,,,,,,,,,,,
39440,,,,,,,,,,,,,
39480,,,,,,,,,,,,,
39520,,,,,,,,,,,,,
39560,,,,,,,,,,,,,
39600,,,,,,,,,,,,,
39640,,,,,,,,,,,,,
39680,,,,,,,,,,,,,
39720,,,,,,,,,,,,,
39760,,,,,,,,,,,,,
39800,,,,,,,,,,,,,
39840,,,,,,,,,,,,,
39880,,,,,,,,,,,,,
39920,,,,,,,,,,,,,
39960,,,,,,,,,,,,,
40000,,,,,,,,,,,,,
40040,,,,,,,,,,,,,
40080,,,,,,,,,,,,,
40120,,,,,,,,,,,,,
40160,,,,,,,,,,,,,
40200,,,,,,,,,,,,,
40240,,,,,,,,,,,,,
40280,,,,,,,,,,,,,
40320,,,,,,,,,,,,,
40360,,,,,,,,,,,,,
40400,,,,,,,,,,,,,
40440,,,,,,,,,,,,,
40480,,,,,,,,,,,,,
40520,,,,,,,,,,,,,
40560,,,,,,,,,,,,,
40600,,,,,,,,,,,,,
40640,,,,,,,,,,,,,
40680,,,,,,,,,,,,,
40720,,,,,,,,,,,,,
40760,,,,,,,,,,,,,
40800,,,,,,,,,,,,,
40840,,,,,,,,,,,,,
40880,,,,,,,,,,,,,
40920,,,,,,,,,,,,,
40960,,,,,,,,,,,,,
41000,,,,,,,,,,,,,
41040,,,,,,,,,,,,,
41080,,,,,,,,,,,,,
41120,,,,,,,,,,,,,
41160,,,,,,,,,,,,,
41200,,,,,,,,,,,,,
41240,,,,,,,,,,,,,
41280,,,,,,,,,,,,,
41320,,,,,,,,,,,,,
41360,,,,,,,,,,,,,
41400,,,,,,,,,,,,,
41440,,,,,,,,,,,,,
41480,,,,,,,,,,,,,
41520,,,,,,,,,,,,,
41560,,,,,,,,,,,,,
41600,,,,,,,,,,,,,
41640,,,,,,,,,,,,,
41680,,,,,,,,,,,,,
41720,,,,,,,,,,,,,
41760,,,,,,,,,,,,,
41800,,,,,,,,,,,,,
41840,,,,,,,,,,,,,
41880,,,,,,,,,,,,,
41920,,,,,,,,,,,,,
41960,,,,,,,,,,,,,
42000,,,,,,,,,,,,,
42040,,,,,,,,,,,,,
42080,,,,,,,,,,,,,
42120,,,,,,,,,,,,,
42160,,,,,,,,,,,,,
42200,,,,,,,,,,,,,
42240,,,,,,,,,,,,,
42280,,,,,,,,,,,,,
42320,,,,,,,,,,,,,
42360,,,,,,,,,,,,,
42400,,,,,,,,,,,,,
42440,,,,,,,,,,,,,
42480,,,,,,,,,,,,,
42520,,,,,,,,,,,,,
42560,,,,,,,,,,,,,
42600,,,,,,,,,,,,,
42640,,,,,,,,,,,,,
42680,,,,,,,,,,,,,
42720,,,,,,,,,,,,,
42760,,,,,,,,,,,,,
42800,,,,,,,,,,,,,
42840,,,,,,,,,,,,,
42880,,,,,,,,,,,,,
42920,,,,,,,,,,,,,
42960,,,,,,,,,,,,,
43000,,,,,,,,,,,,,
43040,,,,,,,,,,,,,
43080,,,,,,,,,,,,,
43120,,,,,,,,,,,,,
43160,,,,,,,,,,,,,
43200,,,,,,,,,,,,,
43240,,,,,,,,,,,,,
43280,,,,,,,,,,,,,
43320,,,,,,,,,,,,,
43360,,,,,,,,,,,,,
43400,,,,,,,,,,,,,
43440,,,,,,,,,,,,,
43480,,,,,,,,,,,,,
43520,,,,,,,,,,,,,
43560,,,,,,,,,,,,,
43600,,,,,,,,,,,,,
43640,,,,,,,,,,,,,
43680,,,,,,,,,,,,,
43720,,,,,,,,,,,,,
43760,,,,,,,,,,,,,
43800,,,,,,,,,,,,,
43840,,,,,,,,,,,,,
43880,,,,,,,,,,,,,
43920,,,,,,,,,,,,,
43960,,,,,,,,,,,,,
44000,,,,,,,,,,,,,
44040,,,,,,,,,,,,,
44080,,,,,,,,,,,,,
44120,,,,,,,,,,,,,
44160,,,,,,,,,,,,,
44200,,,,,,,,,,,,,
44240,,,,,,,,,,,,,
44280,,,,,,,,,,,,,
44320,,,,,,,,,,,,,
44360,,,,,,,,,,,,,
44400,,,,,,,,,,,,,
44440,,,,,,,,,,,,,
44480,,,,,,,,,,,,,
44520,,,,,,,,,,,,,
44560,,,,,,,,,,,,,
44600,,,,,,,,,,,,,
44640,,,,,,,,,,,,,
44680,,,,,,,,,,,,,
44720,,,,,,,,,,,,,
44760,,,,,,,,,,,,,
44800,,,,,,,,,,,,,
44840,,,,,,,,,,,,,
44880,,,,,,,,,,,,,
44920,,,,,,,,,,,,,
44960,,,,,,,,,,,,,
45000,,,,,,,,,,,,,
45040,,,,,,,,,,,,,
45080,,,,,,,,,,,,,
45120,,,,,,,,,,,,,
45160,,,,,,,,,,,,,
45200,,,,,,,,,,,,,
45240,,,,,,,,,,,,,
45280,,,,,,,,,,,,,
45320,,,,,,,,,,,,,
45360,,,,,,,,,,,,,
45400,,,,,,,,,,,,,
45440,,,,,,,,,,,,,
45480,,,,,,,,,,,,,
45520,,,,,,,,,,,,,
45560,,,,,,,,,,,,,
45600,,,,,,,,,,,,,
45640,,,,,,,,,,,,,
45680,,,,,,,,,,,,,
45720,,,,,,,,,,,,,
45760,,,,,,,,,,,,,
45800,,,,,,,,,,,,,
45840,,,,,,,,,,,,,
45880,,,,,,,,,,,,,
45920,,,,,,,,,,,,,
45960,,,,,,,,,,,,,
46000,,,,,,,,,,,,,
46040,,,,,,,,,,,,,
46080,,,,,,,,,,,,,
46120,,,,,,,,,,,,,
46160,,,,,,,,,,,,,
46200,,,,,,,,,,,,,
46240,,,,,,,,,,,,,
46280,,,,,,,,,,,,,
46320,,,,,,,,,,,,,
46360,,,,,,,,,,,,,
46400,,,,,,,,,,,,,
46440,,,,,,,,,,,,,
46480,,,,,,,,,,,,,
46520,,,,,,,,,,,,,
46560,,,,,,,,,,,,,
46600,,,,,,,,,,,,,
46640,,,,,,,,,,,,,
46680,,,,,,,,,,,,,
46720,,,,,,,,,,,,,
46760,,,,,,,,,,,,,
46800,,,,,,,,,,,,,
46840,,,,,,,,,,,,,
46880,,,,,,,,,,,,,
46920,,,,,,,,,,,,,
46960,,,,,,,,,,,,,
47000,,,,,,,,,,,,,
47040,,,,,,,,,,,,,
47080,,,,,,,,,,,,,
47120,,,,,,,,,,,,,
47160,,,,,,,,,,,,,
47200,,,,,,,,,,,,,
47240,,,,,,,,,,,,,
47280,,,,,,,,,,,,,
47320,,,,,,,,,,,,,
47360,,,,,,,,,,,,,
47400,,,,,,,,,,,,,
47440,,,,,,,,,,,,,
47480,,,,,,,,,,,,,
47520,,,,,,,,,,,,,
47560,,,,,,,,,,,,,
47600,,,,,,,,,,,,,
47640,,,,,,,,,,,,,
47680,,,,,,,,,,,,,
47720,,,,,,,,,,,,,
47760,,,,,,,,,,,,,
47800,,,,,,,,,,,,,
47840,,,,,,,,,,,,,
47880,,,,,,,,,,,,,
47920,,,,,,,,,,,,,
47960,,,,,,,,,,,,,
48000,,,,,,,,,,,,,
48040,,,,,,,,,,,,,
48080,,,,,,,,,,,,,
48120,,,,,,,,,,,,,
48160,,,,,,,,,,,,,
48200,,,,,,,,,,,,,
48240,,,,,,,,,,,,,
48280,,,,,,,,,,,,,
48320,,,,,,,,,,,,,
48360,,,,,,,,,,,,,
48400,,,,,,,,,,,,,
48440,,,,,,,,,,,,,
48480,,,,,,,,,,,,,
48520,,,,,,,,,,,,,
48560,,,,,,,,,,,,,
48600,,,,,,,,,,,,,
48640,,,,,,,,,,,,,
48680,,,,,,,,,,,,,
48720,,,,,,,,,,,,,
48760,,,,,,,,,,,,,
48800,,,,,,,,,,,,,
48840,,,,,,,,,,,,,
48880,,,,,,,,,,,,,
48920,,,,,,,,,,,,,
48960,,,,,,,,,,,,,
49000,,,,,,,,,,,,,
49040,,,,,,,,,,,,,
49080,,,,,,,,,,,,,
49120,,,,,,,,,,,,,
49160,,,,,,,,,,,,,
49200,,,,,,,,,,,,,
49240,,,,,,,,,,,,,
49280,,,,,,,,,,,,,
49320,,,,,,,,,,,,,
49360,,,,,,,,,,,,,
49400,,,,,,,,,,,,,
49440,,,,,,,,,,,,,
49480,,,,,,,,,,,,,
49520,,,,,,,,,,,,,
49560,,,,,,,,,,,,,
49600,,,,,,,,,,,,,
49640,,,,,,,,,,,,,
49680,,,,,,,,,,,,,
49720,,,,,,,,,,,,,
49760,,,,,,,,,,,,,
49800,,,,,,,,,,,,,
49840,,,,,,,,,,,,,
49880,,,,,,,,,,,,,
49920,,,,,,,,,,,,,
49960,,,,,,,,,,,,,
50000,,,,,,,,,,,,,
50040,,,,,,,,,,,,,
50080,,,,,,,,,,,,,
50120,,,,,,,,,,,,,
50160,,,,,,,,,,,,,
50200,,,,,,,,,,,,,
50240,,,,,,,,,,,,,
50280,,,,,,,,,,,,,
50320,,,,,,,,,,,,,
50360,,,,,,,,,,,,,
50400,,,,,,,,,,,,,
50440,,,,,,,,,,,,,
50480,,,,,,,,,,,,,
50520,,,,,,,,,,,,,
50560,,,,,,,,,,,,,
50600,,,,,,,,,,,,,
50640,,,,,,,,,,,,,
50680,,,,,,,,,,,,,
50720,,,,,,,,,,,,,
50760,,,,,,,,,,,,,
50800,,,,,,,,,,,,,
50840,,,,,,,,,,,,,
50880,,,,,,,,,,,,,
50920,,,,,,,,,,,,,
50960,,,,,,,,,,,,,
51000,,,,,,,,,,,,,
51040,,,,,,,,,,,,,
51080,,,,,,,,,,,,,
51120,,,,,,,,,,,,,
51160,,,,,,,,,,,,,
51200,,,,,,,,,,,,,
51240,,,,,,,,,,,,,
51280,,,,,,,,,,,,,
51320,,,,,,,,,,,,,
51360,,,,,,,,,,,,,
51400,,,,,,,,,,,,,
51440,,,,,,,,,,,,,
51480,,,,,,,,,,,,,
51520,,,,,,,,,,,,,
51560,,,,,,,,,,,,,
51600,,,,,,,,,,,,,
51640,,,,,,,,,,,,,
51680,,,,,,,,,,,,,
51720,,,,,,,,,,,,,
51760,,,,,,,,,,,,,
51800,,,,,,,,,,,,,
51840,,,,,,,,,,,,,
51880,,,,,,,,,,,,,
51920,,,,,,,,,,,,,
51960,,,,,,,,,,,,,
52000,,,,,,,,,,,,,
52040,,,,,,,,,,,,,
52080,,,,,,,,,,,,,
52120,,,,,,,,,,,,,
52160,,,,,,,,,,,,,
52200,,,,,,,,,,,,,
52240,,,,,,,,,,,,,
52280,,,,,,,,,,,,,
52320,,,,,,,,,,,,,
52360,,,,,,,,,,,,,
52400,,,,,,,,,,,,,
52440,,,,,,,,,,,,,
52480,,,,,,,,,,,,,
52520,,,,,,,,,,,,,
52560,,,,,,,,,,,,,
52600,,,,,,,,,,,,,
52640,,,,,,,,,,,,,
52680,,,,,,,,,,,,,
52720,,,,,,,,,,,,,
52760,,,,,,,,,,,,,
52800,,,,,,,,,,,,,
52840,,,,,,,,,,,,,
52880,,,,,,,,,,,,,
52920,,,,,,,,,,,,,
52960,,,,,,,,,,,,,
53000,,,,,,,,,,,,,
53040,,,,,,,,,,,,,
53080,,,,,,,,,,,,,
53120,,,,,,,,,,,,,
53160,,,,,,,,,,,,,
53200,,,,,,,,,,,,,
53240,,,,,,,,,,,,,
53280,,,,,,,,,,,,,
53320,,,,,,,,,,,,,
53360,,,,,,,,,,,,,
53400,,,,,,,,,,,,,
53440,,,,,,,,,,,,,
53480,,,,,,,,,,,,,
53520,,,,,,,,,,,,,
53560,,,,,,,,,,,,,
53600,,,,,,,,,,,,,
53640,,,,,,,,,,,,,
53680,,,,,,,,,,,,,
53720,,,,,,,,,,,,,
53760,,,,,,,,,,,,,
53800,,,,,,,,,,,,,
53840,,,,,,,,,,,,,
53880,,,,,,,,,,,,,
53920,,,,,,,,,,,,,
53960,,,,,,,,,,,,,
54000,,,,,,,,,,,,,
54040,,,,,,,,,,,,,
54080,,,,,,,,,,,,,
54120,,,,,,,,,,,,,
54160,,,,,,,,,,,,,
54200,,,,,,,,,,,,,
54240,,,,,,,,,,,,,
54280,,,,,,,,,,,,,
54320,,,,,,,,,,,,,
54360,,,,,,,,,,,,,
54400,,,,,,,,,,,,,
54440,,,,,,,,,,,,,
54480,,,,,,,,,,,,,
54520,,,,,,,,,,,,,
54560,,,,,,,,,,,,,
54600,,,,,,,,,,,,,
54640,,,,,,,,,,,,,
54680,,,,,,,,,,,,,
54720,,,,,,,,,,,,,
54760,,,,,,,,,,,,,
54800,,,,,,,,,,,,,
54840,,,,,,,,,,,,,
54880,,,,,,,,,,,,,
54920,,,,,,,,,,,,,
54960,,,,,,,,,,,,,
55000,,,,,,,,,,,,,
55040,,,,,,,,,,,,,
55080,,,,,,,,,,,,,
55120,,,,,,,,,,,,,
55160,,,,,,,,,,,,,
55200,,,,,,,,,,,,,
55240,,,,,,,,,,,,,
55280,,,,,,,,,,,,,
55320,,,,,,,,,,,,,
55360,,,,,,,,,,,,,
55400,,,,,,,,,,,,,
55440,,,,,,,,,,,,,
55480,,,,,,,,,,,,,
55520,,,,,,,,,,,,,
55560,,,,,,,,,,,,,
55600,,,,,,,,,,,,,
55640,,,,,,,,,,,,,
55680,,,,,,,,,,,,,
55720,,,,,,,,,,,,,
55760,,,,,,,,,,,,,
55800,,,,,,,,,,,,,
55840,,,,,,,,,,,,,
55880,,,,,,,,,,,,,
55920,,,,,,,,,,,,,
55960,,,,,,,,,,,,,
56000,,,,,,,,,,,,,
56040,,,,,,,,,,,,,
56080,,,,,,,,,,,,,
56120,,,,,,,,,,,,,
56160,,,,,,,,,,,,,
56200,,,,,,,,,,,,,
56240,,,,,,,,,,,,,
56280,,,,,,,,,,,,,
56320,,,,,,,,,,,,,
56360,,,,,,,,,,,,,
56400,,,,,,,,,,,,,
56440,,,,,,,,,,,,,
56480,,,,,,,,,,,,,
56520,,,,,,,,,,,,,
56560,,,,,,,,,,,,,
56600,,,,,,,,,,,,,
56640,,,,,,,,,,,,,
56680,,,,,,,,,,,,,
56720,,,,,,,,,,,,,
56760,,,,,,,,,,,,,
56800,,,,,,,,,,,,,
56840,,,,,,,,,,,,,
56880,,,,,,,,,,,,,
56920,,,,,,,,,,,,,
56960,,,,,,,,,,,,,
57000,,,,,,,,,,,,,
57040,,,,,,,,,,,,,
57080,,,,,,,,,,,,,
57120,,,,,,,,,,,,,
57160,,,,,,,,,,,,,
57200,,,,,,,,,,,,,
57240,,,,,,,,,,,,,
57280,,,,,,,,,,,,,
57320,,,,,,,,,,,,,
57360,,,,,,,,,,,,,
57400,,,,,,,,,,,,,
57440,,,,,,,,,,,,,
57480,,,,,,,,,,,,,
57520,,,,,,,,,,,,,
57560,,,,,,,,,,,,,
57600,,,,,,,,,,,,,
57640,,,,,,,,,,,,,
57680,,,,,,,,,,,,,
57720,,,,,,,,,,,,,
57760,,,,,,,,,,,,,
57800,,,,,,,,,,,,,
57840,,,,,,,,,,,,,
57880,,,,,,,,,,,,,
57920,,,,,,,,,,,,,
57960,,,,,,,,,,,,,
58000,,,,,,,,,,,,,
58040,,,,,,,,,,,,,
58080,,,,,,,,,,,,,
58120,,,,,,,,,,,,,
58160,,,,,,,,,,,,,
58200,,,,,,,,,,,,,
58240,,,,,,,,,,,,,
58280,,,,,,,,,,,,,
58320,,,,,,,,,,,,,
58360,,,,,,,,,,,,,
58400,,,,,,,,,,,,,
58440,,,,,,,,,,,,,
58480,,,,,,,,,,,,,
58520,,,,,,,,,,,,,
58560,,,,,,,,,,,,,
58600,,,,,,,,,,,,,
58640,,,,,,,,,,,,,
58680,,,,,,,,,,,,,
58720,,,,,,,,,,,,,
58760,,,,,,,,,,,,,
58800,,,,,,,,,,,,,
58840,,,,,,,,,,,,,
58880,,,,,,,,,,,,,
58920,,,,,,,,,,,,,
58960,,,,,,,,,,,,,
59000,,,,,,,,,,,,,
59040,,,,,,,,,,,,,
59080,,,,,,,,,,,,,
59120,,,,,,,,,,,,,
59160,,,,,,,,,,,,,
59200,,,,,,,,,,,,,
59240,,,,,,,,,,,,,
59280,,,,,,,,,,,,,
59320,,,,,,,,,,,,,
59360,,,,,,,,,,,,,
59400,,,,,,,,,,,,,
59440,,,,,,,,,,,,,
59480,,,,,,,,,,,,,
59520,,,,,,,,,,,,,
59560,,,,,,,,,,,,,
59600,,,,,,,,,,,,,
59640,,,,,,,,,,,,,
59680,,,,,,,,,,,,,
59720,,,,,,,,,,,,,
59760,,,,,,,,,,,,,
59800,,,,,,,,,,,,,
59840,,,,,,,,,,,,,
59880,,,,,,,,,,,,,
59920,,,,,,,,,,,,,
59960,,,,,,,,,,,,,
60000,,,,,,,,,,,,,
60040,,,,,,,,,,,,,
60080,,,,,,,,,,,,,
60120,,,,,,,,,,,,,
60160,,,,,,,,,,,,,
60200,,,,,,,,,,,,,
60240,,,,,,,,,,,,,
60280,,,,,,,,,,,,,
60320,,,,,,,,,,,,,
60360,,,,,,,,,,,,,
60400,,,,,,,,,,,,,
60440,,,,,,,,,,,,,
60480,,,,,,,,,,,,,
60520,,,,,,,,,,,,,
60560,,,,,,,,,,,,,
60600,,,,,,,,,,,,,
60640,,,,,,,,,,,,,
60680,,,,,,,,,,,,,
60720,,,,,,,,,,,,,
60760,,,,,,,,,,,,,
60800,,,,,,,,,,,,,
60840,,,,,,,,,,,,,
60880,,,,,,,,,,,,,
60920,,,,,,,,,,,,,
60960,,,,,,,,,,,,,
61000,,,,,,,,,,,,,
61040,,,,,,,,,,,,,
61080,,,,,,,,,,,,,
61120,,,,,,,,,,,,,
61160,,,,,,,,,,,,,
61200,,,,,,,,,,,,,
61240,,,,,,,,,,,,,
61280,,,,,,,,,,,,,
61320,,,,,,,,,,,,,
61360,,,,,,,,,,,,,
61400,,,,,,,,,,,,,
61440,,,,,,,,,,,,,
61480,,,,,,,,,,,,,
61520,,,,,,,,,,,,,
61560,,,,,,,,,,,,,
61600,,,,,,,,,,,,,
61640,,,,,,,,,,,,,
61680,,,,,,,,,,,,,
61720,,,,,,,,,,,,,
61760,,,,,,,,,,,,,
61800,,,,,,,,,,,,,
61840,,,,,,,,,,,,,
61880,,,,,,,,,,,,,
61920,,,,,,,,,,,,,
61960,,,,,,,,,,,,,
62000,,,,,,,,,,,,,
62040,,,,,,,,,,,,,
62080,,,,,,,,,,,,,
62120,,,,,,,,,,,,,
62160,,,,,,,,,,,,,
62200,,,,,,,,,,,,,
62240,,,,,,,,,,,,,
62280,,,,,,,,,,,,,
62320,,,,,,,,,,,,,
62360,,,,,,,,,,,,,
62400,,,,,,,,,,,,,
62440,,,,,,,,,,,,,
62480,,,,,,,,,,,,,
62520,,,,,,,,,,,,,
62560,,,,,,,,,,,,,
62600,,,,,,,,,,,,,
62640,,,,,,,,,,,,,
62680,,,,,,,,,,,,,
62720,,,,,,,,,,,,,
62760,,,,,,,,,,,,,
62800,,,,,,,,,,,,,
62840,,,,,,,,,,,,,
62880,,,,,,,,,,,,,
62920,,,,,,,,,,,,,
62960,,,,,,,,,,,,,
63000,,,,,,,,,,,,,
63040,,,,,,,,,,,,,
63080,,,,,,,,,,,,,
63120,,,,,,,,,,,,,
63160,,,,,,,,,,,,,
63200,,,,,,,,,,,,,
63240,,,,,,,,,,,,,
63280,,,,,,,,,,,,,
63320,,,,,,,,,,,,,
63360,,,,,,,,,,,,,
63400,,,,,,,,,,,,,
63440,,,,,,,,,,,,,
63480,,,,,,,,,,,,,
63520,,,,,,,,,,,,,
63560,,,,,,,,,,,,,
63600,,,,,,,,,,,,,
63640,,,,,,,,,,,,,
63680,,,,,,,,,,,,,
63720,,,,,,,,,,,,,
63760,,,,,,,,,,,,,
63800,,,,,,,,,,,,,
63840,,,,,,,,,,,,,
63880,,,,,,,,,,,,,
63920,,,,,,,,,,,,,
63960,,,,,,,,,,,,,
64000,,,,,,,,,,,,,
64040,,,,,,,,,,,,,
64080,,,,,,,,,,,,,
64120,,,,,,,,,,,,,
64160,,,,,,,,,,,,,
64200,,,,,,,,,,,,,
64240,,,,,,,,,,,,,
64280,,,,,,,,,,,,,
64320,,,,,,,,,,,,,
64360,,,,,,,,,,,,,
64400,,,,,,,,,,,,,
64440,,,,,,,,,,,,,
64480,,,,,,,,,,,,,
64520,,,,,,,,,,,,,
64560,,,,,,,,,,,,,
64600,,,,,,,,,,,,,
64640,,,,,,,,,,,,,
64680,,,,,,,,,,,,,
64720,,,,,,,,,,,,,
64760,,,,,,,,,,,,,
64800,,,,,,,,,,,,,
64840,,,,,,,,,,,,,
64880,,,,,,,,,,,,,
64920,,,,,,,,,,,,,
64960,,,,,,,,,,,,,
65000,,,,,,,,,,,,,
65040,,,,,,,,,,,,,
65080,,,,,,,,,,,,,
65120,,,,,,,,,,,,,
65160,,,,,,,,,,,,,
65200,,,,,,,,,,,,,
65240,,,,,,,,,,,,,
65280,,,,,,,,,,,,,
65320,,,,,,,,,,,,,
65360,,,,,,,,,,,,,
65400,,,,,,,,,,,,,
65440,,,,,,,,,,,,,
65480,,,,,,,,,,,,,
65520,,,,,,,,,,,,,
65560,,,,,,,,,,,,,
65600,,,,,,,,,,,,,
65640,,,,,,,,,,,,,
65680,,,,,,,,,,,,,
65720,,,,,,,,,,,,,
65760,,,,,,,,,,,,,
65800,,,,,,,,,,,,,
65840,,,,,,,,,,,,,
65880,,,,,,,,,,,,,
65920,,,,,,,,,,,,,
65960,,,,,,,,,,,,,
66000,,,,,,,,,,,,,
66040,,,,,,,,,,,,,
66080,,,,,,,,,,,,,
66120,,,,,,,,,,,,,
66160,,,,,,,,,,,,,
66200,,,,,,,,,,,,,
66240,,,,,,,,,,,,,
66280,,,,,,,,,,,,,
66320,,,,,,,,,,,,,
66360,,,,,,,,,,,,,
66400,,,,,,,,,,,,,
66440,,,,,,,,,,,,,
66480,,,,,,,,,,,,,
66520,,,,,,,,,,,,,
66560,,,,,,,,,,,,,
66600,,,,,,,,,,,,,
66640,,,,,,,,,,,,,
66680,,,,,,,,,,,,,
66720,,,,,,,,,,,,,
66760,,,,,,,,,,,,,
66800,,,,,,,,,,,,,
66840,,,,,,,,,,,,,
66880,,,,,,,,,,,,,
66920,,,,,,,,,,,,,
66960,,,,,,,,,,,,,
67000,,,,,,,,,,,,,
67040,,,,,,,,,,,,,
67080,,,,,,,,,,,,,
67120,,,,,,,,,,,,,
67160,,,,,,,,,,,,,
67200,,,,,,,,,,,,,
67240,,,,,,,,,,,,,
67280,,,,,,,,,,,,,
67320,,,,,,,,,,,,,
67360,,,,,,,,,,,,,
67400,,,,,,,,,,,,,
67440,,,,,,,,,,,,,
67480,,,,,,,,,,,,,
67520,,,,,,,,,,,,,
67560,,,,,,,,,,,,,
67600,,,,,,,,,,,,,
67640,,,,,,,,,,,,,
67680,,,,,,,,,,,,,
67720,,,,,,,,,,,,,
67760,,,,,,,,,,,,,
67800,,,,,,,,,,,,,
67840,,,,,,,,,,,,,
67880,,,,,,,,,,,,,
67920,,,,,,,,,,,,,
67960,,,,,,,,,,,,,
68000,,,,,,,,,,,,,
68040,,,,,,,,,,,,,
68080,,,,,,,,,,,,,
68120,,,,,,,,,,,,,
68160,,,,,,,,,,,,,
68200,,,,,,,,,,,,,
68240,,,,,,,,,,,,,
68280,,,,,,,,,,,,,
68320,,,,,,,,,,,,,
68360,,,,,,,,,,,,,
68400,,,,,,,,,,,,,
68440,,,,,,,,,,,,,
68480,,,,,,,,,,,,,
68520,,,,,,,,,,,,,
68560,,,,,,,,,,,,,
68600,,,,,,,,,,,,,
68640,,,,,,,,,,,,,
68680,,,,,,,,,,,,,
68720,,,,,,,,,,,,,
68760,,,,,,,,,,,,,
68800,,,,,,,,,,,,,
68840,,,,,,,,,,,,,
68880,,,,,,,,,,,,,
68920,,,,,,,,,,,,,
68960,,,,,,,,,,,,,
69000,,,,,,,,,,,,,
69040,,,,,,,,,,,,,
69080,,,,,,,,,,,,,
69120,,,,,,,,,,,,,
69160,,,,,,,,,,,,,
69200,,,,,,,,,,,,,
69240,,,,,,,,,,,,,
69280,,,,,,,,,,,,,
69320,,,,,,,,,,,,,
69360,,,,,,,,,,,,,
69400,,,,,,,,,,,,,
69440,,,,,,,,,,,,,
69480,,,,,,,,,,,,,
69520,,,,,,,,,,,,,
69560,,,,,,,,,,,,,
69600,,,,,,,,,,,,,
69640,,,,,,,,,,,,,
69680,,,,,,,,,,,,,
69720,,,,,,,,,,,,,
69760,,,,,,,,,,,,,
69800,,,,,,,,,,,,,
69840,,,,,,,,,,,,,
69880,,,,,,,,,,,,,
69920,,,,,,,,,,,,,
69960,,,,,,,,,,,,,
70000,,,,,,,,,,,,,
70040,,,,,,,,,,,,,
70080,,,,,,,,,,,,,
70120,,,,,,,,,,,,,
70160,,,,,,,,,,,,,
70200,,,,,,,,,,,,,
70240,,,,,,,,,,,,,
70280,,,,,,,,,,,,,
70320,,,,,,,,,,,,,
70360,,,,,,,,,,,,,
70400,,,,,,,,,,,,,
70440,,,,,,,,,,,,,
70480,,,,,,,,,,,,,
70520,,,,,,,,,,,,,
70560,,,,,,,,,,,,,
70600,,,,,,,,,,,,,
70640,,,,,,,,,,,,,
70680,,,,,,,,,,,,,
70720,,,,,,,,,,,,,
70760,,,,,,,,,,,,,
70800,,,,,,,,,,,,,
70840,,,,,,,,,,,,,
70880,,,,,,,,,,,,,
70920,,,,,,,,,,,,,
70960,,,,,,,,,,,,,
71000,,,,,,,,,,,,,
71040,,,,,,,,,,,,,
71080,,,,,,,,,,,,,
71120,,,,,,,,,,,,,
71160,,,,,,,,,,,,,
71200,,,,,,,,,,,,,
71240,,,,,,,,,,,,,
71280,,,,,,,,,,,,,
71320,,,,,,,,,,,,,
71360,,,,,,,,,,,,,
71400,,,,,,,,,,,,,
71440,,,,,,,,,,,,,
71480,,,,,,,,,,,,,
71520,,,,,,,,,,,,,
71560,,,,,,,,,,,,,
71600,,,,,,,,,,,,,
71640,,,,,,,,,,,,,
71680,,,,,,,,,,,,,
71720,,,,,,,,,,,,,
71760,,,,,,,,,,,,,
71800,,,,,,,,,,,,,
71840,,,,,,,,,,,,,
71880,,,,,,,,,,,,,
71920,,,,,,,,,,,,,
71960,,,,,,,,,,,,,
72000,,,,,,,,,,,,,
72040,,,,,,,,,,,,,
72080,,,,,,,,,,,,,
72120,,,,,,,,,,,,,
72160,,,,,,,,,,,,,
72200,,,,,,,,,,,,,
72240,,,,,,,,,,,,,
72280,,,,,,,,,,,,,
72320,,,,,,,,,,,,,
72360,,,,,,,,,,,,,
72400,,,,,,,,,,,,,
72440,,,,,,,,,,,,,
72480,,,,,,,,,,,,,
72520,,,,,,,,,,,,,
72560,,,,,,,,,,,,,
72600,,,,,,,,,,,,,
72640,,,,,,,,,,,,,
72680,,,,,,,,,,,,,
72720,,,,,,,,,,,,,
72760,,,,,,,,,,,,,
72800,,,,,,,,,,,,,
72840,,,,,,,,,,,,,
72880,,,,,,,,,,,,,
72920,,,,,,,,,,,,,
72960,,,,,,,,,,,,,
73000,,,,,,,,,,,,,
73040,,,,,,,,,,,,,
73080,,,,,,,,,,,,,
73120,,,,,,,,,,,,,
73160,,,,,,,,,,,,,
73200,,,,,,,,,,,,,
73240,,,,,,,,,,,,,
73280,,,,,,,,,,,,,
73320,,,,,,,,,,,,,
73360,,,,,,,,,,,,,
73400,,,,,,,,,,,,,
73440,,,,,,,,,,,,,
73480,,,,,,,,,,,,,
73520,,,,,,,,,,,,,
73560,,,,,,,,,,,,,
73600,,,,,,,,,,,,,
73640,,,,,,,,,,,,,
73680,,,,,,,,,,,,,
73720,,,,,,,,,,,,,
73760,,,,,,,,,,,,,
73800,,,,,,,,,,,,,
73840,,,,,,,,,,,,,
73880,,,,,,,,,,,,,
73920,,,,,,,,,,,,,
73960,,,,,,,,,,,,,
74000,,,,,,,,,,,,,
74040,,,,,,,,,,,,,
74080,,,,,,,,,,,,,
74120,,,,,,,,,,,,,
74160,,,,,,,,,,,,,
74200,,,,,,,,,,,,,
74240,,,,,,,,,,,,,
74280,,,,,,,,,,,,,
74320,,,,,,,,,,,,,
74360,,,,,,,,,,,,,
74400,,,,,,,,,,,,,
74440,,,,,,,,,,,,,
74480,,,,,,,,,,,,,
74520,,,,,,,,,,,,,
74560,,,,,,,,,,,,,
74600,,,,,,,,,,,,,
74640,,,,,,,,,,,,,
74680,,,,,,,,,,,,,
74720,,,,,,,,,,,,,
74760,,,,,,,,,,,,,
74800,,,,,,,,,,,,,
74840,,,,,,,,,,,,,
74880,,,,,,,,,,,,,
74920,,,,,,,,,,,,,
74960,,,,,,,,,,,,,
75000,,,,,,,,,,,,,
75040,,,,,,,,,,,,,
75080,,,,,,,,,,,,,
75120,,,,,,,,,,,,,
75160,,,,,,,,,,,,,
75200,,,,,,,,,,,,,
75240,,,,,,,,,,,,,
75280,,,,,,,,,,,,,
75320,,,,,,,,,,,,,
75360,,,,,,,,,,,,,
75400,,,,,,,,,,,,,
75440,,,,,,,,,,,,,
75480,,,,,,,,,,,,,
75520,,,,,,,,,,,,,
75560,,,,,,,,,,,,,
75600,,,,,,,,,,,,,
75640,,,,,,,,,,,,,
75680,,,,,,,,,,,,,
75720,,,,,,,,,,,,,
75760,,,,,,,,,,,,,
75800,,,,,,,,,,,,,
75840,,,,,,,,,,,,,
75880,,,,,,,,,,,,,
75920,,,,,,,,,,,,,
75960,,,,,,,,,,,,,
76000,,,,,,,,,,,,,
76040,,,,,,,,,,,,,
76080,,,,,,,,,,,,,
76120,,,,,,,,,,,,,
76160,,,,,,,,,,,,,
76200,,,,,,,,,,,,,
76240,,,,,,,,,,,,,
76280,,,,,,,,,,,,,
76320,,,,,,,,,,,,,
76360,,,,,,,,,,,,,
76400,,,,,,,,,,,,,
76440,,,,,,,,,,,,,
76480,,,,,,,,,,,,,
76520,,,,,,,,,,,,,
76560,,,,,,,,,,,,,
76600,,,,,,,,,,,,,
76640,,,,,,,,,,,,,
76680,,,,,,,,,,,,,
76720,,,,,,,,,,,,,
76760,,,,,,,,,,,,,
76800,,,,,,,,,,,,,
76840,,,,,,,,,,,,,
76880,,,,,,,,,,,,,
76920,,,,,,,,,,,,,
76960,,,,,,,,,,,,,
77000,,,,,,,,,,,,,
77040,,,,,,,,,,,,,
77080,,,,,,,,,,,,,
77120,,,,,,,,,,,,,
77160,,,,,,,,,,,,,
77200,,,,,,,,,,,,,
77240,,,,,,,,,,,,,
77280,,,,,,,,,,,,,
77320,,,,,,,,,,,,,
77360,,,,,,,,,,,,,
77400,,,,,,,,,,,,,
77440,,,,,,,,,,,,,
77480,,,,,,,,,,,,,
77520,,,,,,,,,,,,,
77560,,,,,,,,,,,,,
77600,,,,,,,,,,,,,
77640,,,,,,,,,,,,,
77680,,,,,,,,,,,,,
77720,,,,,,,,,,,,,
77760,,,,,,,,,,,,,
77800,,,,,,,,,,,,,
77840,,,,,,,,,,,,,
77880,,,,,,,,,,,,,
77920,,,,,,,,,,,,,
77960,,,,,,,,,,,,,
78000,,,,,,,,,,,,,
78040,,,,,,,,,,,,,
78080,,,,,,,,,,,,,
78120,,,,,,,,,,,,,
78160,,,,,,,,,,,,,
78200,,,,,,,,,,,,,
78240,,,,,,,,,,,,,
78280,,,,,,,,,,,,,
78320,,,,,,,,,,,,,
78360,,,,,,,,,,,,,
78400,,,,,,,,,,,,,
78440,,,,,,,,,,,,,
78480,,,,,,,,,,,,,
78520,,,,,,,,,,,,,
78560,,,,,,,,,,,,,
78600,,,,,,,,,,,,,
78640,,,,,,,,,,,,,
78680,,,,,,,,,,,,,
78720,,,,,,,,,,,,,
78760,,,,,,,,,,,,,
78800,,,,,,,,,,,,,
78840,,,,,,,,,,,,,
78880,,,,,,,,,,,,,
78920,,,,,,,,,,,,,
78960,,,,,,,,,,,,,
79000,,,,,,,,,,,,,
79040,,,,,,,,,,,,,
79080,,,,,,,,,,,,,
79120,,,,,,,,,,,,,
79160,,,,,,,,,,,,,
79200,,,,,,,,,,,,,
79240,,,,,,,,,,,,,
79280,,,,,,,,,,,,,
79320,,,,,,,,,,,,,
79360,,,,,,,,,,,,,
79400,,,,,,,,,,,,,
79440,,,,,,,,,,,,,
79480,,,,,,,,,,,,,
79520,,,,,,,,,,,,,
79560,,,,,,,,,,,,,
79600,,,,,,,,,,,,,
79640,,,,,,,,,,,,,
79680,,,,,,,,,,,,,
79720,,,,,,,,,,,,,
79760,,,,,,,,,,,,,
79800,,,,,,,,,,,,,
79840,,,,,,,,,,,,,
79880,,,,,,,,,,,,,
79920,,,,,,,,,,,,,
79960,,,,,,,,,,,,,
80000,,,,,,,,,,,,,
80040,,,,,,,,,,,,,
80080,,,,,,,,,,,,,
80120,,,,,,,,,,,,,
80160,,,,,,,,,,,,,
80200,,,,,,,,,,,,,
80240,,,,,,,,,,,,,
80280,,,,,,,,,,,,,
80320,,,,,,,,,,,,,
80360,,,,,,,,,,,,,
80400,,,,,,,,,,,,,
80440,,,,,,,,,,,,,
80480,,,,,,,,,,,,,
80520,,,,,,,,,,,,,
80560,,,,,,,,,,,,,
80600,,,,,,,,,,,,,
80640,,,,,,,,,,,,,
80680,,,,,,,,,,,,,
80720,,,,,,,,,,,,,
80760,,,,,,,,,,,,,
80800,,,,,,,,,,,,,
80840,,,,,,,,,,,,,
80880,,,,,,,,,,,,,
80920,,,,,,,,,,,,,
80960,,,,,,,,,,,,,
81000,,,,,,,,,,,,,
81040,,,,,,,,,,,,,
81080,,,,,,,,,,,,,
81120,,,,,,,,,,,,,
81160,,,,,,,,,,,,,
81200,,,,,,,,,,,,,
81240,,,,,,,,,,,,,
81280,,,,,,,,,,,,,
81320,,,,,,,,,,,,,
81360,,,,,,,,,,,,,
81400,,,,,,,,,,,,,
81440,,,,,,,,,,,,,
81480,,,,,,,,,,,,,
81520,,,,,,,,,,,,,
81560,,,,,,,,,,,,,
81600,,,,,,,,,,,,,
81640,,,,,,,,,,,,,
81680,,,,,,,,,,,,,
81720,,,,,,,,,,,,,
81760,,,,,,,,,,,,,
81800,,,,,,,,,,,,,
81840,,,,,,,,,,,,,
81880,,,,,,,,,,,,,
81920,,,,,,,,,,,,,
81960,,,,,,,,,,,,,
82000,,,,,,,,,,,,,
82040,,,,,,,,,,,,,
82080,,,,,,,,,,,,,
82120,,,,,,,,,,,,,
82160,,,,,,,,,,,,,
82200,,,,,,,,,,,,,
82240,,,,,,,,,,,,,
82280,,,,,,,,,,,,,
82320,,,,,,,,,,,,,
82360,,,,,,,,,,,,,
82400,,,,,,,,,,,,,
82440,,,,,,,,,,,,,
82480,,,,,,,,,,,,,
82520,,,,,,,,,,,,,
82560,,,,,,,,,,,,,
82600,,,,,,,,,,,,,
82640,,,,,,,,,,,,,
82680,,,,,,,,,,,,,
82720,,,,,,,,,,,,,
82760,,,,,,,,,,,,,
82800,,,,,,,,,,,,,
82840,,,,,,,,,,,,,
82880,,,,,,,,,,,,,
82920,,,,,,,,,,,,,
82960,,,,,,,,,,,,,
83000,,,,,,,,,,,,,
83040,,,,,,,,,,,,,
83080,,,,,,,,,,,,,
83120,,,,,,,,,,,,,
83160,,,,,,,,,,,,,
83200,,,,,,,,,,,,,
83240,,,,,,,,,,,,,
83280,,,,,,,,,,,,,
83320,,,,,,,,,,,,,
83360,,,,,,,,,,,,,
83400,,,,,,,,,,,,,
83440,,,,,,,,,,,,,
83480,,,,,,,,,,,,,
83520,,,,,,,,,,,,,
83560,,,,,,,,,,,,,
83600,,,,,,,,,,,,,
83640,,,,,,,,,,,,,
83680,,,,,,,,,,,,,
83720,,,,,,,,,,,,,
83760,,,,,,,,,,,,,
83800,,,,,,,,,,,,,
83840,,,,,,,,,,,,,
83880,,,,,,,,,,,,,
83920,,,,,,,,,,,,,
83960,,,,,,,,,,,,,
84000,,,,,,,,,,,,,
84040,,,,,,,,,,,,,
84080,,,,,,,,,,,,,
84120,,,,,,,,,,,,,
84160,,,,,,,,,,,,,
84200,,,,,,,,,,,,,
84240,,,,,,,,,,,,,
84280,,,,,,,,,,,,,
84320,,,,,,,,,,,,,
84360,,,,,,,,,,,,,
84400,,,,,,,,,,,,,
84440,,,,,,,,,,,,,
84480,,,,,,,,,,,,,
84520,,,,,,,,,,,,,
84560,,,,,,,,,,,,,
84600,,,,,,,,,,,,,
84640,,,,,,,,,,,,,
84680,,,,,,,,,,,,,
84720,,,,,,,,,,,,,
84760,,,,,,,,,,,,,
84800,,,,,,,,,,,,,
84840,,,,,,,,,,,,,
84880,,,,,,,,,,,,,
84920,,,,,,,,,,,,,
84960,,,,,,,,,,,,,
85000,,,,,,,,,,,,,
85040,,,,,,,,,,,,,
85080,,,,,,,,,,,,,
85120,,,,,,,,,,,,,
85160,,,,,,,,,,,,,
85200,,,,,,,,,,,,,
85240,,,,,,,,,,,,,
85280,,,,,,,,,,,,,
85320,,,,,,,,,,,,,
85360,,,,,,,,,,,,,
85400,,,,,,,,,,,,,
85440,,,,,,,,,,,,,
85480,,,,,,,,,,,,,
85520,,,,,,,,,,,,,
85560,,,,,,,,,,,,,
85600,,,,,,,,,,,,,
85640,,,,,,,,,,,,,
85680,,,,,,,,,,,,,
85720,,,,,,,,,,,,,
85760,,,,,,,,,,,,,
85800,,,,,,,,,,,,,
85840,,,,,,,,,,,,,
85880,,,,,,,,,,,,,
85920,,,,,,,,,,,,,
85960,,,,,,,,,,,,,
86000,,,,,,,,,,,,,
86040,,,,,,,,,,,,,
86080,,,,,,,,,,,,,
86120,,,,,,,,,,,,,
86160,,,,,,,,,,,,,
86200,,,,,,,,,,,,,
86240,,,,,,,,,,,,,
86280,,,,,,,,,,,,,
86320,,,,,,,,,,,,,
86360,,,,,,,,,,,,,
86400,,,,,,,,,,,,,
86440,,,,,,,,,,,,,
86480,,,,,,,,,,,,,
86520,,,,,,,,,,,,,
86560,,,,,,,,,,,,,
86600,,,,,,,,,,,,,
86640,,,,,,,,,,,,,
86680,,,,,,,,,,,,,
86720,,,,,,,,,,,,,
86760,,,,,,,,,,,,,
86800,,,,,,,,,,,,,
86840,,,,,,,,,,,,,
86880,,,,,,,,,,,,,
86920,,,,,,,,,,,,,
86960,,,,,,,,,,,,,
87000,,,,,,,,,,,,,
87040,,,,,,,,,,,,,
87080,,,,,,,,,,,,,
87120,,,,,,,,,,,,,
87160,,,,,,,,,,,,,
87200,,,,,,,,,,,,,
87240,,,,,,,,,,,,,
87280,,,,,,,,,,,,,
87320,,,,,,,,,,,,,
87360,,,,,,,,,,,,,
87400,,,,,,,,,,,,,
87440,,,,,,,,,,,,,
87480,,,,,,,,,,,,,
87520,,,,,,,,,,,,,
87560,,,,,,,,,,,,,
87600,,,,,,,,,,,,,
87640,,,,,,,,,,,,,
87680,,,,,,,,,,,,,
87720,,,,,,,,,,,,,
87760,,,,,,,,,,,,,
87800,,,,,,,,,,,,,
87840,,,,,,,,,,,,,
87880,,,,,,,,,,,,,
87920,,,,,,,,,,,,,
87960,,,,,,,,,,,,,
88000,,,,,,,,,,,,,
88040,,,,,,,,,,,,,
88080,,,,,,,,,,,,,
88120,,,,,,,,,,,,,
88160,,,,,,,,,,,,,
88200,,,,,,,,,,,,,
88240,,,,,,,,,,,,,
88280,,,,,,,,,,,,,
88320,,,,,,,,,,,,,
88360,,,,,,,,,,,,,
88400,,,,,,,,,,,,,
88440,,,,,,,,,,,,,
88480,,,,,,,,,,,,,
88520,,,,,,,,,,,,,
88560,,,,,,,,,,,,,
88600,,,,,,,,,,,,,
88640,,,,,,,,,,,,,
88680,,,,,,,,,,,,,
88720,,,,,,,,,,,,,
88760,,,,,,,,,,,,,
88800,,,,,,,,,,,,,
88840,,,,,,,,,,,,,
88880,,,,,,,,,,,,,
88920,,,,,,,,,,,,,
88960,,,,,,,,,,,,,
89000,,,,,,,,,,,,,
89040,,,,,,,,,,,,,
89080,,,,,,,,,,,,,
89120,,,,,,,,,,,,,
89160,,,,,,,,,,,,,
89200,,,,,,,,,,,,,
89240,,,,,,,,,,,,,
89280,,,,,,,,,,,,,
89320,,,,,,,,,,,,,
89360,,,,,,,,,,,,,
89400,,,,,,,,,,,,,
89440,,,,,,,,,,,,,
89480,,,,,,,,,,,,,
89520,,,,,,,,,,,,,
89560,,,,,,,,,,,,,
89600,,,,,,,,,,,,,
89640,,,,,,,,,,,,,
89680,,,,,,,,,,,,,
89720,,,,,,,,,,,,,
89760,,,,,,,,,,,,,
89800,,,,,,,,,,,,,
89840,,,,,,,,,,,,,
89880,,,,,,,,,,,,,
89920,,,,,,,,,,,,,
89960,,,,,,,,,,,,,
90000,,,,,,,,,,,,,
90040,,,,,,,,,,,,,
90080,,,,,,,,,,,,,
90120,,,,,,,,,,,,,
90160,,,,,,,,,,,,,
90200,,,,,,,,,,,,,
90240,,,,,,,,,,,,,
90280,,,,,,,,,,,,,
90320,,,,,,,,,,,,,
90360,,,,,,,,,,,,,
90400,,,,,,,,,,,,,
90440,,,,,,,,,,,,,
90480,,,,,,,,,,,,,
90520,,,,,,,,,,,,,
90560,,,,,,,,,,,,,
90600,,,,,,,,,,,,,
90640,,,,,,,,,,,,,
90680,,,,,,,,,,,,,
90720,,,,,,,,,,,,,
90760,,,,,,,,,,,,,
90800,,,,,,,,,,,,,
90840,,,,,,,,,,,,,
90880,,,,,,,,,,,,,
90920,,,,,,,,,,,,,
90960,,,,,,,,,,,,,
91000,,,,,,,,,,,,,
91040,,,,,,,,,,,,,
91080,,,,,,,,,,,,,
91120,,,,,,,,,,,,,
91160,,,,,,,,,,,,,
91200,,,,,,,,,,,,,
91240,,,,,,,,,,,,,
91280,,,,,,,,,,,,,
91320,,,,,,,,,,,,,
91360,,,,,,,,,,,,,
91400,,,,,,,,,,,,,
91440,,,,,,,,,,,,,
91480,,,,,,,,,,,,,
91520,,,,,,,,,,,,,
91560,,,,,,,,,,,,,
91600,,,,,,,,,,,,,
91640,,,,,,,,,,,,,
91680,,,,,,,,,,,,,
91720,,,,,,,,,,,,,
91760,,,,,,,,,,,,,
91800,,,,,,,,,,,,,
91840,,,,,,,,,,,,,
91880,,,,,,,,,,,,,
91920,,,,,,,,,,,,,
91960,,,,,,,,,,,,,
92000,,,,,,,,,,,,,
92040,,,,,,,,,,,,,
92080,,,,,,,,,,,,,
92120,,,,,,,,,,,,,
92160,,,,,,,,,,,,,
92200,,,,,,,,,,,,,
92240,,,,,,,,,,,,,
92280,,,,,,,,,,,,,
92320,,,,,,,,,,,,,
92360,,,,,,,,,,,,,
92400,,,,,,,,,,,,,
92440,,,,,,,,,,,,,
92480,,,,,,,,,,,,,
92520,,,,,,,,,,,,,
92560,,,,,,,,,,,,,
92600,,,,,,,,,,,,,
92640,,,,,,,,,,,,,
92680,,,,,,,,,,,,,
92720,,,,,,,,,,,,,
92760,,,,,,,,,,,,,
92800,,,,,,,,,,,,,
92840,,,,,,,,,,,,,
92880,,,,,,,,,,,,,
92920,,,,,,,,,,,,,
92960,,,,,,,,,,,,,
93000,,,,,,,,,,,,,
93040,,,,,,,,,,,,,
93080,,,,,,,,,,,,,
93120,,,,,,,,,,,,,
93160,,,,,,,,,,,,,
93200,,,,,,,,,,,,,
93240,,,,,,,,,,,,,
93280,,,,,,,,,,,,,
93320,,,,,,,,,,,,,
93360,,,,,,,,,,,,,
93400,,,,,,,,,,,,,
93440,,,,,,,,,,,,,
93480,,,,,,,,,,,,,
93520,,,,,,,,,,,,,
93560,,,,,,,,,,,,,
93600,,,,,,,,,,,,,
93640,,,,,,,,,,,,,
93680,,,,,,,,,,,,,
93720,,,,,,,,,,,,,
93760,,,,,,,,,,,,,
93800,,,,,,,,,,,,,
93840,,,,,,,,,,,,,
93880,,,,,,,,,,,,,
93920,,,,,,,,,,,,,
93960,,,,,,,,,,,,,
94000,,,,,,,,,,,,,
94040,,,,,,,,,,,,,
94080,,,,,,,,,,,,,
94120,,,,,,,,,,,,,
94160,,,,,,,,,,,,,
94200,,,,,,,,,,,,,
94240,,,,,,,,,,,,,
94280,,,,,,,,,,,,,
94320,,,,,,,,,,,,,
94360,,,,,,,,,,,,,
94400,,,,,,,,,,,,,
94440,,,,,,,,,,,,,
94480,,,,,,,,,,,,,
94520,,,,,,,,,,,,,
94560,,,,,,,,,,,,,
94600,,,,,,,,,,,,,
94640,,,,,,,,,,,,,
94680,,,,,,,,,,,,,
94720,,,,,,,,,,,,,
94760,,,,,,,,,,,,,
94800,,,,,,,,,,,,,
94840,,,,,,,,,,,,,
94880,,,,,,,,,,,,,
94920,,,,,,,,,,,,,
94960,,,,,,,,,,,,,
95000,,,,,,,,,,,,,
95040,,,,,,,,,,,,,
95080,,,,,,,,,,,,,
95120,,,,,,,,,,,,,
95160,,,,,,,,,,,,,
95200,,,,,,,,,,,,,
95240,,,,,,,,,,,,,
95280,,,,,,,,,,,,,
95320,,,,,,,,,,,,,
95360,,,,,,,,,,,,,
95400,,,,,,,,,,,,,
95440,,,,,,,,,,,,,
95480,,,,,,,,,,,,,
95520,,,,,,,,,,,,,
95560,,,,,,,,,,,,,
95600,,,,,,,,,,,,,
95640,,,,,,,,,,,,,
95680,,,,,,,,,,,,,
95720,,,,,,,,,,,,,
95760,,,,,,,,,,,,,
95800,,,,,,,,,,,,,
95840,,,,,,,,,,,,,
95880,,,,,,,,,,,,,
95920,,,,,,,,,,,,,
95960,,,,,,,,,,,,,
96000,,,,,,,,,,,,,
96040,,,,,,,,,,,,,
96080,,,,,,,,,,,,,
96120,,,,,,,,,,,,,
96160,,,,,,,,,,,,,
96200,,,,,,,,,,,,,
96240,,,,,,,,,,,,,
96280,,,,,,,,,,,,,
96320,,,,,,,,,,,,,
96360,,,,,,,,,,,,,
96400,,,,,,,,,,,,,
96440,,,,,,,,,,,,,
96480,,,,,,,,,,,,,
96520,,,,,,,,,,,,,
96560,,,,,,,,,,,,,
96600,,,,,,,,,,,,,
96640,,,,,,,,,,,,,
96680,,,,,,,,,,,,,
96720,,,,,,,,,,,,,
96760,,,,,,,,,,,,,
96800,,,,,,,,,,,,,
96840,,,,,,,,,,,,,
96880,,,,,,,,,,,,,
96920,,,,,,,,,,,,,
96960,,,,,,,,,,,,,
97000,,,,,,,,,,,,,
97040,,,,,,,,,,,,,
97080,,,,,,,,,,,,,
97120,,,,,,,,,,,,,
97160,,,,,,,,,,,,,
97200,,,,,,,,,,,,,
97240,,,,,,,,,,,,,
97280,,,,,,,,,,,,,
97320,,,,,,,,,,,,,
97360,,,,,,,,,,,,,
97400,,,,,,,,,,,,,
97440,,,,,,,,,,,,,
97480,,,,,,,,,,,,,
97520,,,,,,,,,,,,,
97560,,,,,,,,,,,,,
97600,,,,,,,,,,,,,
97640,,,,,,,,,,,,,
97680,,,,,,,,,,,,,
97720,,,,,,,,,,,,,
97760,,,,,,,,,,,,,
97800,,,,,,,,,,,,,
97840,,,,,,,,,,,,,
97880,,,,,,,,,,,,,
97920,,,,,,,,,,,,,
97960,,,,,,,,,,,,,
98000,,,,,,,,,,,,,
98040,,,,,,,,,,,,,
98080,,,,,,,,,,,,,
98120,,,,,,,,,,,,,
98160,,,,,,,,,,,,,
98200,,,,,,,,,,,,,
98240,,,,,,,,,,,,,
98280,,,,,,,,,,,,,
98320,,,,,,,,,,,,,
98360,,,,,,,,,,,,,
98400,,,,,,,,,,,,,
98440,,,,,,,,,,,,,
98480,,,,,,,,,,,,,
98520,,,,,,,,,,,,,
98560,,,,,,,,,,,,,
98600,,,,,,,,,,,,,
98640,,,,,,,,,,,,,
98680,,,,,,,,,,,,,
98720,,,,,,,,,,,,,
98760,,,,,,,,,,,,,
98800,,,,,,,,,,,,,
98840,,,,,,,,,,,,,
98880,,,,,,,,,,,,,
98920,,,,,,,,,,,,,
98960,,,,,,,,,,,,,
99000,,,,,,,,,,,,,
99040,,,,,,,,,,,,,
99080,,,,,,,,,,,,,
99120,,,,,,,,,,,,,
99160,,,,,,,,,,,,,
99200,,,,,,,,,,,,,
99240,,,,,,,,,,,,,
99280,,,,,,,,,,,,,
99320,,,,,,,,,,,,,
99360,,,,,,,,,,,,,
99400,,,,,,,,,,,,,
99440,,,,,,,,,,,,,
99480,,,,,,,,,,,,,
99520,,,,,,,,,,,,,
99560,,,,,,,,,,,,,
99600,,,,,,,,,,,,,
99640,,,,,,,,,,,,,
99680,,,,,,,,,,,,,
99720,,,,,,,,,,,,,
99760,,,,,,,,,,,,,
99800,,,,,,,,,,,,,
99840,,,,,,,,,,,,,
99880,,,,,,,,,,,,,
99920,,,,,,,,,,,,,
99960,,,,,,,,,,,,,
100000,,,,,,,,,,,,,
